pooled--mycobactin_bacterioferritin,pooled--all
0.56,0.444
0.6282,0.7404
0.5622,0.6724
0.7038,0.7794
0.7134,0.6244
0.7295999999999999,0.8565999999999999
0.7842,0.8485999999999998
0.7887999999999998,0.8136
0.7802,0.8150000000000002
0.805,0.9079999999999999
0.8386000000000001,0.9176000000000001
