pooled--mycobactin,pooled--bacterioferritin
0.54,0.392
0.58,0.395
0.6376,0.3922
0.674,0.39640000000000003
0.7036000000000001,0.3978
0.7514000000000002,0.39840000000000003
0.7358,0.39020000000000005
0.7874,0.3974
0.7667999999999999,0.395
0.8046,0.39519999999999994
0.8308,0.3926
