T0--mycobactin_bacterioferritin,T0--all
0.457,0.4584
0.48940000000000006,0.6030000000000001
0.6292,0.6126
0.7124000000000001,0.8173999999999999
0.7358000000000001,0.9778000000000001
0.7030000000000001,0.9412
0.7546,0.9578
0.7254,0.9368000000000002
0.7817999999999999,0.9601999999999999
0.8056,0.9730000000000001
0.7338,0.9186
