T0--mycobactin,T0--bacterioferritin
0.503,0.3940000000000001
0.5146000000000001,0.3924
0.611,0.3958
0.5952000000000001,0.39220000000000005
0.6484000000000001,0.39840000000000003
0.6898000000000001,0.3974
0.6703999999999999,0.39440000000000003
0.7323999999999999,0.3962
0.7386,0.3982
0.7225999999999999,0.3932
0.7482000000000001,0.3958
